Track,DurationMinutes,SpotifyURL,Album,ReleaseDate,KeyArtist,KeyTrack
All The Stars (With Sza),3.8697666666666666,https://open.spotify.com/track/3GCdLUSnKSMJhs4Tj6CV3s,Black Panther The Album Music From And Inspired By,2018-02-09,123,1
I Wanna Be Yours,3.065933333333333,https://open.spotify.com/track/5XeFesFbtLpXzIVDNQP22n,Am,2013-09-09,19,2
"One Of The Girls (With Jennie, Lily Rose Depp)",4.0780666666666665,https://open.spotify.com/track/7CyPwkp0oE8Ro9Dd5CUDjW,The Idol Episode 4 (Music From The Hbo Original Series),2023-06-23,217,3
Sweater Weather,4.006666666666667,https://open.spotify.com/track/2QjOHCTQ1Jl3zawyYOpxh6,I Love You.,2013-04-22,212,4
Yellow,4.4462166666666665,https://open.spotify.com/track/3AJwUDP919kvQ9QcozQPxg,Parachutes,2000-07-10,58,5
Show Me Love,2.9494166666666666,https://open.spotify.com/track/5ITV0zqzjOYfFWpW0xBmRa,Show Me Love,2025-02-07,230,6
Cruel Summer,2.9737666666666667,https://open.spotify.com/track/1BxfuPKGuaTgP7aM0Bbdwr,Lover,2019-08-23,205,7
Shape Of You,3.8952,https://open.spotify.com/track/7qiZfU4dY1lWllzX7mPBI3,÷ (Deluxe),2017-03-03,76,8
Blinding Lights,3.334,https://open.spotify.com/track/0VjIjW4GlUZAMYd2vXMi3b,After Hours,2020-03-20,217,9
Chihiro,5.057333333333333,https://open.spotify.com/track/7BRD7x5pt8Lqa1eGYC4dzj,Hit Me Hard And Soft,2024-05-17,35,10
Perfect,4.39,https://open.spotify.com/track/0tgVpDi06FyKpA1z0VMD4v,÷ (Deluxe),2017-03-03,76,11
Starboy,3.840883333333333,https://open.spotify.com/track/7MXVkk9YMctZqd1Srtv4MB,Starboy,2016-11-25,217,12
As It Was,2.788383333333333,https://open.spotify.com/track/4Dvkj6JhhA12EX05fT7y2e,Harry'S House,2022-05-20,99,13
Without Me,4.838666666666667,https://open.spotify.com/track/7lQ8MOhq6IN2w8EYcFNSUk,The Eminem Show,2002-05-26,80,14
Just The Way You Are,3.6789,https://open.spotify.com/track/7BqBn9nzAq8spo5e7cZ0dJ,Doo-Wops & Hooligans,2010-05-11,41,15
Lovely (With Khalid),3.3364166666666666,https://open.spotify.com/track/0u2P5u6lvoDfwTYjAADbn4,Lovely (With Khalid),2018-04-19,35,16
Closer,4.082666666666666,https://open.spotify.com/track/7BKLCZ1jbUBVqRi2FVlTVw,Closer,2016-07-29,208,17
Night Changes,3.776666666666667,https://open.spotify.com/track/5O2P9iiztwhomNh8xkR9lJ,Four (Deluxe),2014-11-17,169,18
Hips Don'T Lie (Feat. Wyclef Jean),3.634883333333333,https://open.spotify.com/track/3ZFTkvIE7kyPt6Nu3PEa7V,"Oral Fixation, Vol. 2 (Expanded Edition)",2005-11-28,192,19
Photograph,4.316433333333333,https://open.spotify.com/track/1HNkqx9Ahdgi1Ixy2xkKkL,X (Deluxe Edition),2014-06-21,76,20
Counting Stars,4.28775,https://open.spotify.com/track/2tpWsVSb9UEmDRxAl1zhX1,Native,2013-01-01,170,21
There'S Nothing Holdin' Me Back,3.324,https://open.spotify.com/track/7JJmb5XwzOO8jgpou264Ml,Illuminate (Deluxe),2017-04-20,193,22
Believer,3.4057666666666666,https://open.spotify.com/track/0pqnGHJpmpxLKifKRmU6WP,Evolve,2017-06-23,102,23
Beautiful Things,3.0050666666666666,https://open.spotify.com/track/6tNQ70jh4OwmPGpYy6R2o9,Beautiful Things,2024-01-18,33,24
Bring Me To Life,3.93155,https://open.spotify.com/track/0COqiPhxzoWICwFCS4eZcp,Fallen,2003-03-04,83,25
I'M Good (Blue),2.9206333333333334,https://open.spotify.com/track/4uUG5RXrOk84mYEfFvj3cK,I'M Good (Blue),2022-08-26,64,26
Young And Beautiful,3.9342166666666665,https://open.spotify.com/track/2nMeu6UenVvwUktBCpLMK9,Young And Beautiful,2013-01-01,129,27
Story Of My Life,4.09155,https://open.spotify.com/track/4nVBt6MZDDP6tRVdQTgxJg,Midnight Memories (Deluxe),2013-11-25,169,28
Someone You Loved,3.036,https://open.spotify.com/track/7qEHsqek33rTcFNT9PFqLf,Divinely Uninspired To A Hellish Extent,2019-05-17,132,29
Softcore,3.438,https://open.spotify.com/track/2K7xn816oNHJZ0aVqdQsha,Hard To Imagine The Neighbourhood Ever Changing,2018-11-02,212,30
Circles,3.588,https://open.spotify.com/track/21jGcNKet2qwijlDFuPiPb,Hollywood'S Bleeding,2019-09-06,176,31
The Color Violet,3.7744333333333335,https://open.spotify.com/track/3azJifCSqg9fRij2yKIbWz,Alone At Prom,2021-12-10,221,32
Pumped Up Kicks,3.993333333333333,https://open.spotify.com/track/7w87IxuO7BDcJ3YUqCyMTT,Torches,2011-05-23,86,33
The Hills,4.03755,https://open.spotify.com/track/7fBv7CLKzipRk6EC6TWHOB,Beauty Behind The Madness,2015-08-28,217,34
Ransom,2.187333333333333,https://open.spotify.com/track/1lOe9qE0vR9zwWQAOk6CoO,We Love You Tecca,2019-08-30,136,35
Mockingbird,4.179333333333333,https://open.spotify.com/track/561jH07mF1jHuk7KlaeF0s,Encore (Deluxe Version),2004-11-12,80,36
Save Your Tears,3.5937666666666668,https://open.spotify.com/track/5QO79kh1waicV47BqGRL3g,After Hours,2020-03-20,217,37
Heat Waves,3.980083333333333,https://open.spotify.com/track/3USxtqRwSYz57Ewm6wWRMp,Dreamland,2020-08-07,92,38
Let Me Love You,3.432433333333333,https://open.spotify.com/track/0lYBSQXN6rCTvUZvg9S0lU,Encore,2016-08-05,69,39
Treat You Better,3.132883333333333,https://open.spotify.com/track/3QGsuHI8jO1Rx4JWLUh9jd,Illuminate,2017-04-20,193,40
Love The Way You Lie,4.38955,https://open.spotify.com/track/15JINEqzVMv3SvJTAXAKED,Recovery,2010-06-18,80,41
Just Give Me A Reason (Feat. Nate Ruess),4.04555,https://open.spotify.com/track/1mKXFLRA179hdOWQBwUk9e,The Truth About Love,2012-09-18,171,42
Kill Bill,2.5657666666666668,https://open.spotify.com/track/1Qrg8KqiBpW07V7PNxwwwL,Sos,2022-12-08,202,43
Hymn For The Weekend,4.304433333333333,https://open.spotify.com/track/3RiPr603aXAoi4GHyXx0uy,A Head Full Of Dreams,2015-12-04,58,44
Lover,3.688433333333333,https://open.spotify.com/track/1dGr1c8CrMLDpV6mPbImSI,Lover,2019-08-23,205,45
Pride.,4.58755,https://open.spotify.com/track/6IZvVAP7VPPnsGX6bvgkqg,Damn.,2017-04-14,123,46
Skyfall,4.774666666666667,https://open.spotify.com/track/6VObnIkLVruX4UVyxWhlqm,Skyfall,2012-10-04,6,47
Sorry,3.346433333333333,https://open.spotify.com/track/09CtPGIpYB4BrO8qb1RGsF,Purpose (Deluxe),2015-11-13,113,48
Thinkin Bout You,3.3457666666666666,https://open.spotify.com/track/7DfFc7a6Rwfi3YQMRbDMau,Channel Orange,2012-07-10,87,49
What Makes You Beautiful,3.3331,https://open.spotify.com/track/4cluDES4hQEUhmXj6TXkSo,Up All Night,2012-05-25,169,50
Tik Tok,3.3282166666666666,https://open.spotify.com/track/0HPD5WQqrq7wPWR7P7Dw1i,Animal (Expanded Edition),2010-01-01,124,51
Highest In The Room,2.9286666666666665,https://open.spotify.com/track/3eekarcy7kvN4yt5ZFzltW,Highest In The Room,2019-10-04,224,52
Sundress,2.63675,https://open.spotify.com/track/2aPTvyE09vUCRwVvj0I8WK,Sundress,2018-11-20,4,53
Love Yourself,3.895333333333333,https://open.spotify.com/track/50kpGaPAhYJ3sGmk6vplg0,Purpose (Deluxe),2015-11-13,113,54
Don'T,3.304883333333333,https://open.spotify.com/track/3pXF1nA74528Edde4of9CC,T R A P S O U L,2015-10-02,42,55
We Are The People,4.456216666666666,https://open.spotify.com/track/3zEN0ii6s4DHHBpnTp3RP7,Walking On A Dream (10Th Anniversary Edition),2008-10-03,81,56
Thunder,3.1191,https://open.spotify.com/track/1zB4vmk8tFRmM9UULNzbLB,Evolve,2017-06-23,102,57
Passionfruit,4.982333333333333,https://open.spotify.com/track/5mCPDVBb16L4XQwDdbRUpz,More Life,2017-03-18,73,58
Call Out My Name,3.806216666666667,https://open.spotify.com/track/09mEdoA6zrmBPgTEN5qXmN,"My Dear Melancholy,",2018-03-30,217,59
Payphone,3.852883333333333,https://open.spotify.com/track/1XGmzt0PVuFgQYYnV2It7A,Overexposed Track By Track,2012-01-01,152,60
The Nights,2.9443,https://open.spotify.com/track/0ct6r3EGTcMLPtrXHDvVjc,The Days / Nights,2014-01-01,24,61
Say Yes To Heaven,3.4859333333333336,https://open.spotify.com/track/6GGtHZgBycCgGBUhZo81xe,Say Yes To Heaven,2023-05-19,129,62
Feel So Close - Radio Edit,3.4402166666666667,https://open.spotify.com/track/1gihuPhrLraKYrJMAEONyc,18 Months,2012-10-29,43,63
Love. Feat. Zacari.,3.556666666666666,https://open.spotify.com/track/6PGoSes0D9eUDeeAafB2As,Damn.,2017-04-14,123,64
Streets,3.7831,https://open.spotify.com/track/60ynsPSSKe6O3sfwRnIBRf,Hot Pink,2019-11-07,70,65
I Don'T Wanna Wait,2.49445,https://open.spotify.com/track/331l3xABO0HMr1Kkyh2LZq,I Don'T Wanna Wait,2024-04-05,64,66
Happier,2.9322166666666667,https://open.spotify.com/track/2tGvwE8GcFKwNdAXMnlbfl,Sour,2021-05-21,168,67
Maps,3.166,https://open.spotify.com/track/4gbVRS8gloEluzf0GzDOFc,V,2014-09-02,152,68
Don’T Blame Me,3.940216666666666,https://open.spotify.com/track/1R0a2iXumgCiFb7HEZ7gUE,Reputation,2017-11-10,205,69
Complicated,4.0751,https://open.spotify.com/track/5xEM5hIgJ1jjgcEBfpkt2F,Let Go,2002-06-04,25,70
Summertime Sadness,4.423783333333334,https://open.spotify.com/track/3BJe4B8zGnqEdQPMvfVjuS,Born To Die - The Paradise Edition,2012-01-01,129,71
Memories,3.1581,https://open.spotify.com/track/4cktbXiXOapiLBMprHFErI,Jordi (Deluxe),2021-06-11,152,72
We Found Love,3.5871,https://open.spotify.com/track/6qn9YLKt13AGvpq9jfO8py,Talk That Talk,2011-11-18,180,73
Ocean Eyes,3.33965,https://open.spotify.com/track/7hDVYcQq6MxkdJGweuCtl9,Dont Smile At Me,2017-12-22,35,74
Rude,3.747333333333333,https://open.spotify.com/track/6RtPijgfPKROxEzTHNRiDp,Don'T Kill The Magic,2014-06-25,146,75
Low (Feat. T-Pain),3.8566666666666665,https://open.spotify.com/track/0CAfXk7DXMnon4gLudAp7J,Mail On Sunday,2008-03-17,85,76
Everything I Wanted,4.090416666666667,https://open.spotify.com/track/3ZCTVFBt2Brf31RLEnCkWJ,Everything I Wanted,2019-11-13,35,77
Demons,2.958433333333333,https://open.spotify.com/track/5qaEfEh1AtSdrdrByCP7qR,Night Visions,2012-09-04,102,78
Good 4 U,2.9691,https://open.spotify.com/track/4ZtFanR9U6ndgddUvNcjcG,Sour,2021-05-21,168,79
Umbrella,4.599766666666667,https://open.spotify.com/track/49FYlytm3dAAraYgpoJZux,Good Girl Gone Bad: Reloaded,2008-06-02,180,80
Ghost,2.553166666666667,https://open.spotify.com/track/6I3mqTwhRpn34SLVafSH7G,Justice,2021-03-19,113,81
West Coast,4.279333333333334,https://open.spotify.com/track/5Y6nVaayzitvsD5F7nr3DV,Ultraviolence (Deluxe),2014-01-01,129,82
Set Fire To The Rain,4.04955,https://open.spotify.com/track/3di5hcvxxciiqwMH1jarhY,21,2011-01-24,6,83
What Do You Mean?,3.428,https://open.spotify.com/track/4B0JvthVoAAuygILe3n4Bs,Purpose (Deluxe),2015-11-13,113,84
Baby,3.570666666666667,https://open.spotify.com/track/6epn3r7S14KUqlReYr77hA,My World 2.0,2010-01-01,113,85
Telepatía,2.66985,https://open.spotify.com/track/6tDDoYIxWvMLTdKpjFkc1B,Sin Miedo (Del Amor Y Otros Demonios) ∞,2020-12-04,118,86
Novacane,5.0391,https://open.spotify.com/track/4osgfFTICMkcGbbigdsa53,Novacane,2011-01-01,87,87
I Ain'T Worried,2.47475,https://open.spotify.com/track/4h9wh7iOZ0GGn8QVp4RAOB,"I Ain’T Worried (Music From The Motion Picture ""Top Gun: Maverick"")",2022-05-13,170,88
Anti-Hero,3.3448333333333333,https://open.spotify.com/track/0V3wPSX9ygBnCm8psDIegu,Midnights,2022-10-21,205,89
Woman,2.8771,https://open.spotify.com/track/6Uj1ctrBOjOas8xZXGqKk4,Planet Her,2021-06-25,70,90
Whatever It Takes,3.354,https://open.spotify.com/track/6Qn5zhYkTa37e91HC1D7lb,Evolve,2017-06-23,102,91
Shameless,3.6623666666666654,https://open.spotify.com/track/2ogKhhoMClkFXek7ZgxAhN,Romance,2019-12-06,44,92
No Lie,3.6862666666666666,https://open.spotify.com/track/48QmG1dfvMuYLxMPt7KSRA,Mad Love The Prequel,2018-06-29,189,93
7 Rings,2.9771,https://open.spotify.com/track/6ocbgoVGwYJhOv1GgI9NsF,"Thank U, Next",2019-02-08,20,94
Reminder,3.648,https://open.spotify.com/track/37F0uwRSrdzkBiuj0D5UHI,Starboy,2016-11-25,217,95
Hope,1.8481,https://open.spotify.com/track/2ZRo7axmMPeSVUvDbGkJah,?,2018-03-16,231,96
7 Years,3.955,https://open.spotify.com/track/5kqIPrATaCc2LqxVWzQGbk,Lukas Graham,2016-04-01,142,97
Steal My Girl,3.802216666666667,https://open.spotify.com/track/2Bs4jQEGMycglOfWPBqrVG,Four (Deluxe),2014-11-17,169,98
Wait For U (Feat. Drake & Tems),3.164883333333333,https://open.spotify.com/track/59nOXPmaKlBfGMDeOVGrIK,I Never Liked You,2022-04-29,88,99
God'S Plan,3.3162166666666666,https://open.spotify.com/track/6DCZcSspjsKoFjzjrWoCdn,Scorpion,2018-06-29,73,100
Let Me Down Slowly,2.82255,https://open.spotify.com/track/2qxmye6gAegTMjLKEBoR3d,Narrated For You,2018-11-16,10,101
Wrecking Ball,3.689333333333333,https://open.spotify.com/track/2vwlzO0Qp8kfEtzTsCXfyE,Bangerz (Deluxe Version),2013-10-04,159,102
After Hours,6.0171,https://open.spotify.com/track/2p8IUWQDrpjuFltbdgLOag,After Hours,2020-03-20,217,103
Levitating (Feat. Dababy),3.3844,https://open.spotify.com/track/5nujrmhLynf4yMoMtj8AQF,Future Nostalgia,2020-03-27,74,104
Don'T Start Now,3.0548333333333333,https://open.spotify.com/track/3PfIrDoz19wz7qK7tYeu62,Future Nostalgia,2020-03-27,74,105
Havana (Feat. Young Thug),3.621766666666667,https://open.spotify.com/track/1rfofaqEpACxVEHIZBJe6W,Camila,2018-01-12,44,106
Into You,4.074216666666667,https://open.spotify.com/track/76FZM38RC8XaAjJ77CVTNe,Dangerous Woman,2016-04-01,20,107
Youngblood,3.390283333333333,https://open.spotify.com/track/2iUXsYOEPhVqEBwsqP70rE,Youngblood (Deluxe),2018-06-15,2,108
Needed Me,3.1933333333333334,https://open.spotify.com/track/4pAl7FkDMNBsjykPXo91B3,Anti (Deluxe),2016-01-28,180,109
Attention,3.4797666666666665,https://open.spotify.com/track/5cF0dROlMOK5uNZtivgu50,Voicenotes,2018-05-11,50,110
Oops!...I Did It Again,3.519333333333333,https://open.spotify.com/track/6naxalmIoLFWR0siv8dnQQ,Oops!... I Did It Again,2000-05-16,40,111
Call Me Maybe,3.223333333333333,https://open.spotify.com/track/20I6sIOMTCkB6w7ryavxtO,Kiss,2012-01-01,46,112
Stereo Hearts (Feat. Adam Levine),3.516,https://open.spotify.com/track/0qOnSQQF0yzuPWsXrQ9paz,The Papercut Chronicles Ii,2011-11-11,96,113
Stolen Dance,5.228066666666667,https://open.spotify.com/track/34xGLuxM0rkxhCVyMSqwJO,Sadnecessary,2013-05-31,160,114
On The Floor,4.747766666666666,https://open.spotify.com/track/3C0nOe05EIt1390bVABLyN,Love?,2011-04-29,107,115
Chandelier,3.602,https://open.spotify.com/track/4VrWlk8IQxevMvERoX08iC,1000 Forms Of Fear,2014-07-04,195,116
Grenade,3.7015166666666666,https://open.spotify.com/track/4lLtanYk6tkMvooU0tWzG8,Doo-Wops & Hooligans,2010-05-11,41,117
Blank Space,3.863766666666667,https://open.spotify.com/track/1u8c2t2Cy7UBoG4ArRcF5g,1989 (Deluxe),2014-01-01,205,118
"Jealousy, Jealousy",2.886,https://open.spotify.com/track/0MMyJUC3WNnFS1lit5pTjk,Sour,2021-05-21,168,119
Don'T Let Me Down,3.4728833333333333,https://open.spotify.com/track/1i1fxkWeaMmKEB4T7zqbzK,Don'T Let Me Down,2016-02-05,208,120
Sunflower - Spider-Man: Into The Spider-Verse,2.634,https://open.spotify.com/track/3KkXRkHbMCARz0aVfEt68P,Spider-Man: Into The Spider-Verse (Soundtrack From & Inspired By The Motion Picture),2018-12-14,176,121
See You Again (Feat. Charlie Puth),3.8254166666666665,https://open.spotify.com/track/2JzZzZUQj3Qff7wapcbKjc,See You Again (Feat. Charlie Puth),2015,229,122
Wild Ones (Feat. Sia),3.882433333333333,https://open.spotify.com/track/1NpW5kyvO4XrNJ3rnfcNy3,Wild Ones,2012-06-22,85,123
Bad Guy,3.234783333333333,https://open.spotify.com/track/2Fxmhks0bxGSBdJ92vM42m,"When We All Fall Asleep, Where Do We Go?",2019-03-29,35,124
Dark Horse,3.594533333333333,https://open.spotify.com/track/4jbmgIyjGoXjY01XxatOx6,Prism,2013-01-01,121,125
Angels Like You,3.2742166666666668,https://open.spotify.com/track/1daDRI9ahBonbWD8YcxOIB,Plastic Hearts,2020-11-27,159,126
Again (Feat. Xxxtentacion),3.232683333333333,https://open.spotify.com/track/2S2od3hT7ceytw7d1pTRuE,Again (Feat. Xxxtentacion),2017-09-22,166,127
Stargirl Interlude,1.8604333333333327,https://open.spotify.com/track/5gDWsRxpJ2lZAffh5p7K0w,Starboy,2016-11-24,217,128
Line Without A Hook,4.159766666666667,https://open.spotify.com/track/5NvOZCjZaGGGL597exlQWv,Montgomery Ricky,2016-04-08,179,129
Galway Girl,2.8471,https://open.spotify.com/track/0afhq8XCExXpqazXczTSve,÷ (Deluxe),2017-03-03,76,130
Cheri Cheri Lady,3.7722166666666666,https://open.spotify.com/track/2aEuA8PSqLa17Y4hKPj5rr,Let'S Talk About Love,1985,161,131
2002,3.116433333333333,https://open.spotify.com/track/2BgEsaKNfHUdlh97KmvFyo,Speak Your Mind (Deluxe),2018-04-27,14,132
Nights,5.119183333333333,https://open.spotify.com/track/7eqoqGkKwgOaWNNHx90uEZ,Blonde,2016-08-20,87,133
Despacito,3.822666666666666,https://open.spotify.com/track/6habFhsOp2NvshLv26DqMb,Vida,2019-02-01,141,134
We Can'T Stop,3.854,https://open.spotify.com/track/2y4lAQpi5VTNLu2ldeTdUH,Bangerz (Deluxe Version),2013-10-04,159,135
Dangerous Woman,3.932433333333333,https://open.spotify.com/track/3nef5W8jTkXrOKgCu4kmq7,Dangerous Woman,2016-04-01,20,136
Exchange,3.24355,https://open.spotify.com/track/43PuMrRfbyyuz4QpZ3oAwN,T R A P S O U L,2015-10-02,42,137
Girl With The Tattoo Enter.Lewd,1.71355,https://open.spotify.com/track/1eUGmzzvahJjOSWgDHuRlv,All I Want Is You,2010-11-26,158,138
No Idea,2.573733333333333,https://open.spotify.com/track/7AzlLxHn24DxjgQX73F9fU,Heaven Or Hell,2020-03-13,72,139
Wannabe,2.883766666666667,https://open.spotify.com/track/1Je1IMUlBXcx1Fz0WE7oPT,Spice,1996-01-01,199,140
Stan,6.7351,https://open.spotify.com/track/3UmaczJpikHgJFyBTAJVoz,The Marshall Mathers Lp,2000-05-23,80,141
Rolling In The Deep,3.80155,https://open.spotify.com/track/4OSBTYWVwsQhGLF9NHvIbR,21,2011-01-24,6,142
Hall Of Fame (Feat. Will.I.Am),3.37555,https://open.spotify.com/track/7wMq5n8mYSKlQIGECKUgTX,#3 Deluxe Version,2012-09-10,214,143
Don'T You Worry Child - Radio Edit,3.5477,https://open.spotify.com/track/2V65y3PX4DkRhy1djlxd9p,Don'T You Worry Child,2012-09-14,201,144
Roses,3.778966666666667,https://open.spotify.com/track/3vv9phIu6Y1vX3jcqaGz5Z,Roses,2015-06-16,208,145
Never Be The Same,3.782883333333333,https://open.spotify.com/track/4eWQlBRaTjPPUlzacqEeoQ,Camila,2018-01-12,44,146
Drag Me Down,3.202,https://open.spotify.com/track/2K87XMYnUMqLcX3zvtAF4G,Made In The A.M. (Deluxe Edition),2015-11-13,169,147
Stuck With U (With Justin Bieber),3.808033333333333,https://open.spotify.com/track/4HBZA5flZLE435QTztThqH,Stuck With U,2020-05-08,20,148
In The Name Of Love,3.2617666666666665,https://open.spotify.com/track/23L5CiUhw2jV1OIMwthR3S,In The Name Of Love,2016-07-29,154,149
Art Deco,4.917766666666667,https://open.spotify.com/track/5jqNQZBwbZWQXPWfo0ygZF,Honeymoon,2015-09-18,129,150
One Kiss (With Dua Lipa),3.580766666666667,https://open.spotify.com/track/7ef4DlsgrMEH11cDZd32M6,One Kiss (With Dua Lipa),2018-04-06,43,151
Elastic Heart,4.286666666666667,https://open.spotify.com/track/6kwAbEjseqBob48jCus7Sz,1000 Forms Of Fear,2014-07-04,195,152
Belong Together,2.47195,https://open.spotify.com/track/5uQ7de4EWjb3rkcFxyEOpu,Belong Together,2024-02-16,150,153
Look What You Made Me Do,3.530883333333333,https://open.spotify.com/track/1P17dC1amhFzptugyAO7Il,Reputation,2017-11-10,205,154
So Sick,3.4531,https://open.spotify.com/track/6brl7bwOHmGFkNw3MBqssT,In My Own Words,2006-01-01,163,155
Silence,3.0137,https://open.spotify.com/track/7vGuf3Y35N4wmASOKLUVVU,Silence,2017-08-11,153,156
Scars To Your Beautiful,3.8373333333333335,https://open.spotify.com/track/0wI7QkCcs8FUQE1OkXUIqd,Know-It-All,2015-11-13,11,157
Con Calma,3.2204333333333333,https://open.spotify.com/track/5w9c2J52mkdntKOmRLeM2m,Con Calma,2019-01-24,62,158
Sweet But Psycho,3.123933333333333,https://open.spotify.com/track/7DnAm9FOTWE3cUvso43HhI,Heaven & Hell,2020-09-18,23,159
Roar,3.7257666666666656,https://open.spotify.com/track/27tNWlhdAryQY04Gb2ZhUI,Prism,2013-01-01,121,160
Die For You,4.337533333333333,https://open.spotify.com/track/2Ch7LmS7r2Gy2kc64wv3Bz,Starboy,2016-11-25,217,161
"Thank U, Next",3.4553333333333334,https://open.spotify.com/track/3e9HZxeyfWwjeyPAMmWSSQ,"Thank U, Next",2019-02-08,20,162
Peaches (Feat. Daniel Caesar & Giveon),3.30135,https://open.spotify.com/track/4iJyoBOLtHqaGxP12qzhQI,Justice,2021-03-19,113,163
Break Free,3.5806666666666667,https://open.spotify.com/track/12KUFSHFgT0XCoiSlvdQi4,My Everything (Deluxe),2014-08-22,20,164
Chemtrails Over The Country Club,4.5196,https://open.spotify.com/track/7bPWdJgx8vek7S5i5yAtvG,Chemtrails Over The Country Club,2021-03-19,129,165
Lose You To Love Me,3.4409666666666667,https://open.spotify.com/track/4l0Mvzj72xxOpRrp6h8nHi,Rare,2020-01-10,190,166
Teenage Fever,3.661533333333333,https://open.spotify.com/track/6n3HGiq4v35D6eFOSwqYuo,More Life,2017-03-18,73,167
Señorita,3.1799833333333334,https://open.spotify.com/track/6v3KW9xbzN5yKLt9YKDYA2,Shawn Mendes (Deluxe),2019-06-19,193,168
Heart Attack,3.514,https://open.spotify.com/track/1V6gIisPpYqgFeWbMLI0bA,Demi,2013-01-01,67,169
Unstoppable,3.6291,https://open.spotify.com/track/2J2Z1SkXYghSajLibnQHOa,This Is Acting,2016-01-29,195,170
Beautiful Girls,3.7562166666666665,https://open.spotify.com/track/1hGy2eLcmC8eKx7qr1tOqx,Beautiful Girls,2007-07-23,188,171
Paint The Town Red,3.8625,https://open.spotify.com/track/2IGMVunIBsBLtEQyoI1Mu7,Paint The Town Red,2023-08-04,70,172
The Abyss (Feat. Lana Del Rey),4.71455,https://open.spotify.com/track/5ZDKPFRZC6QlJpf8bCIXTs,Hurry Up Tomorrow,2025-01-31,217,173
Love Me Like You Do,4.225333333333333,https://open.spotify.com/track/0Cy7wt6IlRfBPHXXjmZbcP,Fifty Shades Freed (Original Motion Picture Soundtrack),2018-02-09,78,174
Genie In A Bottle,3.626216666666666,https://open.spotify.com/track/11mwFrKvLXCbcVGNxffGyP,Christina Aguilera (Expanded Edition),1999,53,175
Love Lost,2.714583333333333,https://open.spotify.com/track/2z9iuAxKv4TTeCrPAxxKg9,"I Love Life, Thank You",2022-07-22,144,176
Better Now,3.854433333333333,https://open.spotify.com/track/7dt6x5M1jzdTEt8oCbisTK,Beerbongs & Bentleys,2018-04-27,176,177
Hold On,3.314216666666667,https://open.spotify.com/track/5vjLSffimiIP26QG5WcN2K,Hold On,2017-02-03,52,178
Until I Found You,2.962,https://open.spotify.com/track/0T5iIrXA4p5GsubkhuBIKV,Until I Found You,2021-09-01,200,179
Symphony (Feat. Zara Larsson),3.54555,https://open.spotify.com/track/72gv4zhNvRVdQA0eOenCal,What Is Love? (Deluxe Edition),2018-11-30,57,180
We Don'T Talk Anymore (Feat. Selena Gomez),3.628433333333333,https://open.spotify.com/track/06KyNuuMOX1ROXRhj787tj,Nine Track Mind,2016-01-29,50,181
Positions,2.8720666666666665,https://open.spotify.com/track/35mvY5S1H3J2QZyna3TFe0,Positions,2020-10-30,20,182
Doin' Time,3.369866666666667,https://open.spotify.com/track/0Oqc0kKFsQ6MhFOLBNZIGX,Norman Fucking Rockwell!,2019-08-30,129,183
Boyfriend (With Social House),3.101766666666667,https://open.spotify.com/track/0Ryd8975WihbObpp5cPW1t,Boyfriend,2019-08-02,20,184
Sk8Er Boi,3.4,https://open.spotify.com/track/00Mb3DuaIH1kjrwOku9CGU,Let Go,2002-06-04,25,185
Good For You,3.688,https://open.spotify.com/track/5xdVqHtFS0eLuNp4Z8Wbpa,Revival (Deluxe),2015-10-09,190,186
Lean Wit Me,2.92925,https://open.spotify.com/track/3oDkdAySo1VQQG0ptV7uwa,Goodbye & Good Riddance,2018-12-10,112,187
This Is What You Came For,3.7026666666666666,https://open.spotify.com/track/0azC730Exh71aQlOt9Zj3y,This Is What You Came For,2016-04-29,43,188
Side To Side,3.769333333333333,https://open.spotify.com/track/44ONERBHALxftQNWq6dmyd,Dangerous Woman,2016-04-01,20,189
Idgaf,3.632433333333333,https://open.spotify.com/track/76cy1WJvNGJTj78UqeA5zr,Dua Lipa (Deluxe),2017-06-02,74,190
Bleeding Love,4.374433333333333,https://open.spotify.com/track/7wZUrN8oemZfsEd1CGkbXE,Spirit,2007,131,191
Nothing Breaks Like A Heart (Feat. Miley Cyrus),3.618316666666667,https://open.spotify.com/track/02dRkCEc8Q5ch4TTcnLxOn,Late Night Feelings,2019-06-21,151,192
Style,3.85,https://open.spotify.com/track/0ug5NqcwcFR2xrfTkc7k8e,1989 (Deluxe),2014-01-01,205,193
Kings & Queens,2.706633333333333,https://open.spotify.com/track/7a53HqqArd4b9NF4XAmlbI,Heaven & Hell,2020-09-18,23,194
Sucker,3.0171,https://open.spotify.com/track/22vgEDb5hykfaTwLuskFGD,Happiness Begins,2019-06-07,110,195
Thunder,2.6666666666666665,https://open.spotify.com/track/2USlegnFJLrVLpoVfPimKB,Thunder,2021-05-07,90,196
Diet Mountain Dew,3.715333333333333,https://open.spotify.com/track/2vtmY2mSccRzKGjtcHSzI3,Born To Die - The Paradise Edition,2012-01-01,129,197
Last Friday Night (T.G.I.F.),3.84555,https://open.spotify.com/track/1htQDV8JxSuXG2QsNj5ttr,Teenage Dream,2010-01-01,121,198
Shower,3.4361,https://open.spotify.com/track/3DmW6y7wTEYHJZlLo1r6XJ,Shower,2014-04-23,31,199
Party Monster,4.15355,https://open.spotify.com/track/4F7A0DXBrmUAkp32uenhZt,Starboy,2016-11-25,217,200
Runaway,4.1471,https://open.spotify.com/track/1v1oIWf2Xgh54kIWuKsDf6,All My Demons Greeting Me As A Friend (Deluxe),2016-03-11,22,201
Work,3.6553333333333335,https://open.spotify.com/track/72TFWvU3wUYdUuxejTTIzt,Anti (Deluxe),2016-01-28,180,202
Middle,3.6762166666666665,https://open.spotify.com/track/0g5EKLgdKvNlln7TNqBByK,Encore,2016-08-05,69,203
Cool For The Summer,3.5789833333333334,https://open.spotify.com/track/3uwnnTQcHM1rDqSfA4gQNz,Confident,2015-01-01,67,204
Danza Kuduro,3.3131,https://open.spotify.com/track/6DXLO8LndZMVOHM0wNbpzg,Meet The Orphans,2010-01-01,71,205
Let Her Go,4.2122166666666665,https://open.spotify.com/track/2pUpNOgJBIBCcjyQZQ00qU,All The Little Lights (Deluxe),2013-11-29,173,206
Domino,3.864,https://open.spotify.com/track/2fQxE0jVrjNMT9oJAXtSJR,Who You Are (Platinum Edition),2011-01-01,109,207
Wolves,3.2998833333333333,https://open.spotify.com/track/0tBbt8CrmxbjRP0pueQkyU,Wolves,2017-10-25,190,208
Agora Hills,4.422666666666666,https://open.spotify.com/track/7dJYggqjKo71KI9sLzqCs8,Scarlet,2023-09-22,70,209
"Whenever, Wherever",3.269333333333333,https://open.spotify.com/track/2lnzGkdtDj5mtlcOW2yRtG,Laundry Service,2001-11-13,192,210
Pray For Me,3.5236666666666667,https://open.spotify.com/track/6huNf4dutXRjJyGn7f5BPS,The Highlights,2021-02-05,217,211
Worth It (Feat. Kid Ink),3.742883333333333,https://open.spotify.com/track/41Fflg7qHiVOD6dEPvsCzO,Reflection (Deluxe),2015-01-30,84,212
Golden Hour,3.48765,https://open.spotify.com/track/5odlY52u43F5BjByhxg7wg,This Is What ____ Feels Like (Vol. 1-4),2022-09-23,115,213
You Need To Calm Down,2.856,https://open.spotify.com/track/6RRNNciQGZEXnqk8SQ9yv5,Lover,2019-08-23,205,214
All The Things She Said,3.574,https://open.spotify.com/track/4bJygwUKrRgq1stlNXcgMg,200 Km/H In The Wrong Lane (10Th Anniversary Edition),2002,203,215
Made You Look,2.2376,https://open.spotify.com/track/0QHEIqNKsMoOY5urbzN48u,Takin' It Back,2022-10-21,156,216
Mood (Feat. Iann Dior),2.342216666666667,https://open.spotify.com/track/4jPy3l0RUwlUI9T5XHBW2m,El Dorado,2021-03-26,1,217
"Love Me Like You Do - From ""Fifty Shades Of Grey""",4.2089,https://open.spotify.com/track/3zHq9ouUJQFQRf3cm1rRLu,Delirium (Deluxe),2015-11-06,78,218
Cry Me A River,4.80555,https://open.spotify.com/track/7Lf7oSEVdzZqTA0kEDSlS5,Justified,2002-11-04,114,219
Sing For The Moment,5.6591,https://open.spotify.com/track/3CpoeW0cZSDzIRv5z34F87,The Eminem Show,2002-05-26,80,220
Royals,3.16975,https://open.spotify.com/track/2dLLR6qlu5UJ5gk0dKz0h3,Pure Heroine,2013-09-27,139,221
Goth,3.452,https://open.spotify.com/track/0uMZbmAAgOhdMrv25iPEH6,White Light,2015-03-05,196,222
My Way,3.65265,https://open.spotify.com/track/1vvNmPOiUuyCbgWmtc6yfm,My Way,2016-09-16,43,223
Enemy (With Jid) - From The Series Arcane League Of Legends,2.889683333333333,https://open.spotify.com/track/1r9xUipOqoNwggBpENDsvJ,Enemy (With Jid) [From The Series Arcane League Of Legends],2021-10-28,102,224
Boss Bitch,2.2373166666666666,https://open.spotify.com/track/78qd8dvwea0Gosb6Fe6j3k,Boss Bitch,2020-01-23,70,225
God Is A Woman,3.2924333333333333,https://open.spotify.com/track/5OCJzvD7sykQEKHH7qAC3C,Sweetener,2018-08-17,20,226
I Like It,4.223166666666667,https://open.spotify.com/track/58q2HKrzhC3ozto2nDdN4z,Invasion Of Privacy,2018-04-06,45,227
Sweet Nothing (Feat. Florence Welch),3.542666666666667,https://open.spotify.com/track/24LS4lQShWyixJ0ZrJXfJ5,18 Months,2012-10-29,43,228
Fight Song,3.4002166666666667,https://open.spotify.com/track/37f4ITSlgPX81ad2EvmVQr,Wildfire,2016-01-01,178,229
Paper Rings,3.7066666666666666,https://open.spotify.com/track/4y5bvROuBDPr5fuwXbIBZR,Lover,2019-08-23,205,230
Break My Heart,3.697,https://open.spotify.com/track/017PF4Q3l4DBUiWoXk4OWT,Future Nostalgia,2020-03-27,74,231
"Let It Go - From ""Frozen""/Soundtrack Version",3.7306666666666666,https://open.spotify.com/track/0qcr5FMsEO85NAQjrlDRKo,Frozen (Original Motion Picture Soundtrack / Deluxe Edition),2013-01-01,101,232
Nda,3.262933333333333,https://open.spotify.com/track/38GBNKZUhfBkk3oNlWzRYd,Happier Than Ever,2021-07-30,35,233
Infinity,3.962,https://open.spotify.com/track/1SOClUWhOi8vHZYMz3GluK,Feel Something,2017-06-23,106,234
I Knew You Were Trouble.,3.662,https://open.spotify.com/track/6FB3v4YcR57y4tXFcdxI1E,Red (Big Machine Radio Release Special),2012-10-22,205,235
Hurts Me,2.3466666666666667,https://open.spotify.com/track/0RBw4ODUQPO4cuAOZtBGga,Hurts Me,2023-06-27,221,236
Girlfriend,3.61,https://open.spotify.com/track/45hOioMDJktr86iKDHC8gr,The Best Damn Thing (Expanded Edition),2007-04-17,25,237
Apologize,3.0733333333333333,https://open.spotify.com/track/6ucR4KfvsBFWCMVFDvyKKl,Shock Value,2007-04-02,218,238
Bloody Mary,4.0793333333333335,https://open.spotify.com/track/53jnnqFSRGMDB9ADrNriCA,Born This Way (International Special Edition Version),2011-05-23,128,239
Hello,4.925033333333333,https://open.spotify.com/track/1Yk0cQdMLx5RzzFTYwmuld,25,2015-11-20,6,240
Be Alright,3.272883333333333,https://open.spotify.com/track/3EPXxR3ImUwfayaurPi3cm,Be Alright,2018-06-29,66,241
Dress,3.83955,https://open.spotify.com/track/6oVxXO5oQ4pTpO8RSnkzvv,Reputation,2017-11-10,205,242
Maniac,3.096216666666667,https://open.spotify.com/track/6KfoDhO4XUWSbnyKjNp9c4,Kid Krow,2020-03-20,59,243
Let Me Love You,4.152,https://open.spotify.com/track/7GaFYUqP2WdR4KTPk7cXoP,Turning Point,2004-03-15,149,244
Barbie Girl,3.299333333333333,https://open.spotify.com/track/5ZrDlcxIDZyjOzHdYW1ydr,Aquarium (Special Edition),1997-01-01,16,245
5% Tint,3.2689666666666666,https://open.spotify.com/track/11kDth1aKUEUMq9r1pqyds,Astroworld,2018-08-03,224,246
Boyfriend,2.85555,https://open.spotify.com/track/3UGIZ8qcrMTwzLbx6Kttqt,Believe,2012-01-01,113,247
Out Of Time,3.5698833333333333,https://open.spotify.com/track/2SLwbpExuoBDZBpjfefCtV,Dawn Fm,2022-01-06,217,248
Middle Of The Night,3.074116666666667,https://open.spotify.com/track/58HvfVOeJY7lUuCqF0m3ly,Middle Of The Night,2020-01-10,77,249
Thats What I Want,2.39835,https://open.spotify.com/track/0e8nrvls4Qqv5Rfa2UhqmO,Montero,2021-09-17,133,250
Bones,2.7544,https://open.spotify.com/track/0HqZX76SFLDz2aW8aiqi7G,Bones,2022-03-11,102,251
Send My Love (To Your New Lover),3.717966666666667,https://open.spotify.com/track/563SfWAHJs4FBZMkRN0IFN,25,2015-11-20,6,252
Goodbyes (Feat. Young Thug),2.9142166666666665,https://open.spotify.com/track/0t3ZvGKlmYmVsDzBJAXK8C,Hollywood'S Bleeding,2019-09-06,176,253
Me And My Broken Heart,3.228883333333333,https://open.spotify.com/track/1oew3nFNY3vMacJAsvry0S,Let The Road,2014-01-01,181,254
Mockingbird,2.580633333333333,https://open.spotify.com/track/2x4JC9TxW2LACuuxbsncfG,Mockingbird,2024-05-03,219,255
Marvins Room,5.7871,https://open.spotify.com/track/047fCsbO4NdmwCBn8pcUXl,Take Care (Deluxe),2011-11-15,73,256
What Goes Around.../...Comes Around (Interlude),7.476216666666667,https://open.spotify.com/track/3pD0f7hSJg2XdQ6udw5Tey,Futuresex/Lovesounds,2006-09-12,114,257
Contigo (With Tiësto),3.2131,https://open.spotify.com/track/4UkUxO2WlKLc0Q1iEutGGh,Contigo (With Tiësto),2024-02-15,119,258
Halo,4.352666666666667,https://open.spotify.com/track/2CvOqDpQIMw69cCzWqr5yr,I Am...Sasha Fierce - Platinum Edition,2008,34,259
Arcade,3.0604,https://open.spotify.com/track/1Xi84slp6FryDSCbzq4UCD,Arcade,2019-03-07,75,260
Stronger (What Doesn'T Kill You),3.6991,https://open.spotify.com/track/1nInOsHbtotAmEOQhtvnzP,Stronger (Deluxe Version),2011-10-24,122,261
Diamonds,3.752433333333333,https://open.spotify.com/track/6O20JhBJPePEkBdrB5sqRx,Unapologetic (Deluxe),2012-12-11,180,262
Moonlight,3.12595,https://open.spotify.com/track/2i2gDpKKWjvnRTOZRhaPh2,Moonlight,2023-02-24,118,263
Wildest Dreams,3.674,https://open.spotify.com/track/3fVnlF4pGqWI9flVENcT28,1989,2014-01-01,205,264
Midnight Rain,2.9130333333333334,https://open.spotify.com/track/3rWDp9tBPQR9z6U5YyRSK4,Midnights,2022-10-21,205,265
Jar Of Hearts,4.109783333333334,https://open.spotify.com/track/0HZhYMZOcUzZKSFwPOti6m,Lovestrong.,2011-05-10,54,266
Industry Baby (Feat. Jack Harlow),3.533333333333333,https://open.spotify.com/track/27NovPIUIRrOZoCHxABJwK,Industry Baby (Feat. Jack Harlow),2021-07-23,133,267
Old Town Road (Feat. Billy Ray Cyrus) - Remix,2.617766666666667,https://open.spotify.com/track/2YpeDb67231RjR0MgVLzsG,7,2019-06-21,133,268
Rewrite The Stars,3.624,https://open.spotify.com/track/630sXRhIcfwr2e4RdNtjKN,Rewrite The Stars,2017-11-17,232,269
People You Know,3.248333333333333,https://open.spotify.com/track/63mdJr3NMY3wReOkNE6c6W,Rare,2020-01-10,190,270
Me! (Feat. Brendon Urie Of Panic! At The Disco),3.216666666666667,https://open.spotify.com/track/2Rk4JlNc2TPmZe2af99d45,Lover,2019-08-23,205,271
It'S You,3.543433333333333,https://open.spotify.com/track/5DqdesEfbRyOlSS3Tf6c29,You,2019-11-08,12,272
Wish You Were Gay,3.692383333333333,https://open.spotify.com/track/3Fj47GNK2kUF0uaEDgXLaD,"When We All Fall Asleep, Where Do We Go?",2019-03-29,35,273
Dear Future Husband,3.0704333333333333,https://open.spotify.com/track/3cU2wBxuV6nFiuf6PJZNlC,Title (Deluxe),2015-01-12,156,274
Gorgeous,3.494666666666667,https://open.spotify.com/track/1ZY1PqizIl78geGM4xWlEA,Reputation,2017-11-10,205,275
Cheap Thrills (Feat. Sean Paul),3.746883333333333,https://open.spotify.com/track/378iszndTZAR4dH8kwsLC6,This Is Acting,2016-02-18,195,276
Back To You - From 13 Reasons Why – Season 2 Soundtrack,3.4650666666666665,https://open.spotify.com/track/4hQ6UGyWQIGJmHSo0J88JW,Back To You (From 13 Reasons Why – Season 2 Soundtrack),2018-05-10,190,277
Love Story,3.937766666666666,https://open.spotify.com/track/1D4PL9B8gOg78jiHg3FvBb,Fearless (Big Machine Radio Release Special),2008-11-11,205,278
I Don'T Care (With Justin Bieber),3.665766666666667,https://open.spotify.com/track/3HVWdVOQ0ZA45FuZGSfvns,I Don'T Care (With Justin Bieber),2019-05-10,76,279
Dance Monkey,3.4906333333333333,https://open.spotify.com/track/2XU0oxnq2qxCpomAAuJY8K,Dance Monkey (Stripped Back) / Dance Monkey,2019-10-17,220,280
Born This Way,4.337533333333333,https://open.spotify.com/track/30XU4suKzCeoCK9YFzdufg,Born This Way (International Special Edition Version),2011-05-23,128,281
"I Hate U, I Love U (Feat. Olivia O'Brien)",4.183883333333333,https://open.spotify.com/track/7vRriwrloYVaoAe3a9wJHe,Us,2016-03-25,93,282
The Morning,5.23515,https://open.spotify.com/track/4jBfUB4kQJCWOrjGLQqhO0,House Of Balloons (Original),2011-03-21,217,283
Black Magic,3.5297666666666667,https://open.spotify.com/track/6rmXhRIemCTPyMYZRDN7Qg,Get Weird (Expanded Edition),2015-11-06,138,284
Only Girl (In The World),3.924883333333333,https://open.spotify.com/track/0AH6WMe3OlAlUb5miXt2FQ,Loud,2010-11-16,180,285
In My Feelings,3.6320833333333336,https://open.spotify.com/track/2G7V7zsVDxg1yRsu7Ew9RJ,Scorpion,2018-06-29,73,286
Enjoy The Silence,4.2522166666666665,https://open.spotify.com/track/6WK9dVrRABMkUXFLNlgWFh,The Singles 86-98,1998-09-28,68,287
Bam Bam (Feat. Ed Sheeran),3.4345,https://open.spotify.com/track/0QBzMgT7NIeoCYy3sJCof1,Bam Bam (Feat. Ed Sheeran),2022-03-04,44,288
Who Says,3.2602166666666665,https://open.spotify.com/track/3TcL0dyCMyr0kyTTc4NLgI,When The Sun Goes Down,2011-01-01,191,289
Dive,3.974,https://open.spotify.com/track/51ChrwmUPDJvedPQnIU8Ls,÷ (Deluxe),2017-03-03,76,290
No,3.5584333333333333,https://open.spotify.com/track/0l0CvurVUrr2w3Jj1hOVFc,Thank You (Deluxe Version),2017-05-12,156,291
My Oh My (Feat. Dababy),2.8457666666666666,https://open.spotify.com/track/3yOlyBJuViE2YSGn3nVE1K,Romance,2019-12-06,44,292
Play Date,2.997783333333333,https://open.spotify.com/track/4DpNNXFMMxQEKl7r0ykkWA,Cry Baby (Deluxe Edition),2015-08-14,157,293
"Hey Mama (Feat. Nicki Minaj, Bebe Rexha & Afrojack)",3.2093333333333334,https://open.spotify.com/track/285HeuLxsngjFn4GGegGNm,Listen,2014-11-10,64,294
Play With Fire (Feat. Yacht Money),3.0115,https://open.spotify.com/track/7vguMCv8uVuZLiQJ156u3Z,Play With Fire (Feat. Yacht Money),2017-07-07,184,295
Alive,3.4091,https://open.spotify.com/track/2O9O26335YYVckmRgPKY3s,Ice On The Dune,2013-01-01,81,296
"10,000 Hours (With Justin Bieber)",2.7948833333333334,https://open.spotify.com/track/2wrJq5XKLnmhRXHIAf9xBa,"10,000 Hours (With Justin Bieber)",2019-10-04,63,297
Cry,4.279983333333333,https://open.spotify.com/track/3p4hRhMcb6ch8OLtATMaLw,Cry,2019-10-25,55,298
Material Girl,4.004666666666667,https://open.spotify.com/track/22sLuJYcvZOSoLLRYev1s5,Celebration (Double Disc Version),2009-09-18,145,299
Power,4.1306666666666665,https://open.spotify.com/track/0lUSd7TCG8srh6HpIAEIWL,Glory Days (Expanded Edition),2016-11-18,138,300
Cry Baby,3.919333333333333,https://open.spotify.com/track/0EfsDEYaSjGYd66Pr881nq,Wiped Out!,2015-10-30,212,301
House Of Balloons / Glass Table Girls,6.75355,https://open.spotify.com/track/50iiDJGpAPdr2VTrz999XA,Trilogy,2012-11-13,217,302
My Head & My Heart,2.9126666666666665,https://open.spotify.com/track/1KixkQVDUHggZMU9dUobgm,Heaven & Hell,2020-09-18,23,303
This Feeling,3.2991,https://open.spotify.com/track/4NBTZtAt1F13VvlSKe6KTl,Sick Boy,2018-12-14,208,304
Te Felicito,2.8705833333333333,https://open.spotify.com/track/2rurDawMfoKP4uHyb2kJBt,Te Felicito,2022-04-21,192,305
The One That Got Away,3.788883333333333,https://open.spotify.com/track/3oL3XRtkP1WVbMxf7dtTdu,Teenage Dream: The Complete Confection,2012-03-12,121,306
Moth To A Flame (With The Weeknd),3.9,https://open.spotify.com/track/7kfOEMJBJwdCYqyJeEnNhr,Moth To A Flame,2022-01-03,201,307
Girls Like You (Feat. Cardi B) - Cardi B Version,3.92575,https://open.spotify.com/track/7fa9MBXhVfQ8P8Df9OEbD8,Red Pill Blues (Deluxe),2018-06-15,152,308
Sorry Not Sorry,3.396,https://open.spotify.com/track/0yvPEnB032fojLfVluFjUv,Tell Me You Love Me,2017-09-29,67,309
Less Than Zero,3.5302333333333333,https://open.spotify.com/track/2D4dV2KXDTszzJ3p3cFqhA,Dawn Fm,2022-01-06,217,310
Don'T,3.664,https://open.spotify.com/track/1huvTbEYtgltjQRXzrNKGi,X (Deluxe Edition),2014-06-21,76,311
S&M,4.058883333333333,https://open.spotify.com/track/0C4ejWmOTMv8vuYj85mf8m,Loud,2010-11-16,180,312
Boulevard Of Broken Dreams,4.372216666666667,https://open.spotify.com/track/5GorCbAP4aL0EJ16frG2hd,Greatest Hits: God'S Favorite Band,2017-11-17,95,313
Meant To Be (Feat. Florida Georgia Line),2.73675,https://open.spotify.com/track/4e4fqjx0Izh4svvTef1z7e,Expectations,2018-06-22,30,314
Favorite Girl,4.279983333333333,https://open.spotify.com/track/4nTjkWK590oBDcnIxTr1mI,My World,2009-01-01,113,315
The Rhythm Of The Night,4.4046666666666665,https://open.spotify.com/track/0ofMkI3jzmGCElAOgOLeo3,The Rhythm Of The Night,1994,60,316
Confident,3.4290833333333333,https://open.spotify.com/track/3DXXKDbbZKyAZfNb96ST3q,Confident,2015-01-01,67,317
L$D,3.9717666666666656,https://open.spotify.com/track/4S7YHmlWwfwArgd8LfSPud,At.Long.Last.A$Ap,2015-05-26,4,318
Animals,3.850216666666667,https://open.spotify.com/track/3h4T9Bg8OVSUYa6danHeH5,V (Asia Tour Edition),2015-05-18,152,319
Irreplaceable,3.79755,https://open.spotify.com/track/6RX5iL93VZ5fKmyvNXvF1r,B'Day Deluxe Edition,2007-05-29,34,320
Eastside (With Halsey & Khalid),2.89665,https://open.spotify.com/track/0d2iYfpKoM0QCKvcLCkBao,Eastside (With Halsey & Khalid),2018-07-12,32,321
Better When I'M Dancin',2.937766666666666,https://open.spotify.com/track/5k5fWendNngd89O8JKoE8L,Better When I'M Dancin',2015-10-14,156,322
What You Need,3.44035,https://open.spotify.com/track/4Yw8TyBm9J8cpy2guHUYog,House Of Balloons (Original),2011-03-21,217,323
Somebody To You,3.08495,https://open.spotify.com/track/6VrLYoQKdhu1Jruei06t65,Meet The Vamps,2014-01-01,216,324
Oxytocin,3.5038666666666667,https://open.spotify.com/track/4t2OeILB07eMGTXSUbMPEu,Happier Than Ever,2021-07-30,35,325
South Of The Border (Feat. Camila Cabello & Cardi B),3.407766666666667,https://open.spotify.com/track/4vUmTMuQqjdnvlZmAH61Qk,No.6 Collaborations Project,2019-07-12,76,326
Give Your Heart A Break,3.422433333333333,https://open.spotify.com/track/3sP3c86WFjOzHHnbhhZcLA,Unbroken,2011-01-01,67,327
"Taki Taki (With Selena Gomez, Ozuna & Cardi B)",3.5416666666666665,https://open.spotify.com/track/4w8niZpiMy6qz1mntFA5uM,"Taki Taki (With Selena Gomez, Ozuna & Cardi B)",2018-09-28,69,328
Can We Kiss Forever?,3.1321833333333333,https://open.spotify.com/track/58wyJLv6yH1La9NIZPl3ne,Can We Kiss Forever?,2018-08-31,126,329
Come & Get It,3.866433333333333,https://open.spotify.com/track/6LoQHIo74tOzQ8EsLEkhgF,Stars Dance (Bonus Track Version),2013-01-01,190,330
Never Forget You,3.5571166666666665,https://open.spotify.com/track/6hmhG1b4LEyNuashVvuIAo,So Good,2017-03-17,233,331
Lust,2.6,https://open.spotify.com/track/7oJrVhiTPZGBXWPwhxjy9S,Life Of A Dark Rose,2017-12-12,135,332
Love Nwantiti (Feat. Dj Yo! & Ax'El) - Remix,3.139466666666667,https://open.spotify.com/track/4gvrJnKCKIPiacNsWVQwEU,Love Nwantiti (Feat. Dj Yo! & Ax'El) [Remix],2021-09-09,56,333
You Belong With Me,3.8686666666666665,https://open.spotify.com/track/1GEBsLDvJGw7kviySRI6GX,Fearless (Big Machine Radio Release Special),2008-11-11,205,334
Apocalypse,4.8436,https://open.spotify.com/track/0yc6Gst2xkRu0eMLeRMGCX,Cigarettes After Sex,2017-06-09,55,335
Be Kind (With Halsey),2.87935,https://open.spotify.com/track/3Z8FwOEN59mRMxDCtb8N0A,Be Kind (With Halsey),2020-05-01,153,336
Something Just Like This,4.1271,https://open.spotify.com/track/1dNIEtp7AY3oDAKCGg2XkH,Something Just Like This,2017-02-22,208,337
Me Too,3.0206666666666666,https://open.spotify.com/track/3KwwE4sgCzMaKWq6QBebmX,Thank You (Deluxe Version),2017-05-12,156,338
Pretty Little Fears (Feat. J. Cole),4.005683333333334,https://open.spotify.com/track/4at3d5QWnlibMVN75ECDrp,East Atlanta Love Letter,2018-09-14,3,339
Same Old Love,3.818,https://open.spotify.com/track/6ZANrVuAMp2rpjhfbOuJly,Revival (Deluxe),2015-10-09,190,340
Beautiful People (Feat. Khalid),3.2977666666666665,https://open.spotify.com/track/4evmHXcjt3bTUHD1cvny97,Beautiful People (Feat. Khalid),2019-06-28,76,341
Montero (Call Me By Your Name),2.2979166666666666,https://open.spotify.com/track/67BtfxlNbhBmCDR2L2l8qd,Montero (Call Me By Your Name),2021-03-31,133,342
Harleys In Hawaii,3.0969166666666665,https://open.spotify.com/track/5nCthAh3jt4xKuLJAifAaR,Harleys In Hawaii,2019-10-16,121,343
Despacito - Remix,3.8402166666666666,https://open.spotify.com/track/1vnnXMrBeEWiRg3YCMCjQq,Vida,2019-02-01,141,344
"Money, Money, Money",3.1071,https://open.spotify.com/track/3lKN03PDeBnXZS7sDukRBt,Arrival,1976,5,345
Control,3.57935,https://open.spotify.com/track/3SKzTIl9mW0DadTys9SFo3,Badlands (Deluxe),2015-08-28,98,346
Single Soon,2.8609166666666668,https://open.spotify.com/track/6iF4RgIjDvDqyW13PezSj3,Single Soon,2023-08-25,190,347
Enchanted,5.87,https://open.spotify.com/track/04S1pkp1VaIqjg8zZqknR5,Speak Now,2010-10-25,205,348
Whoa (Mind In Awe),2.6296,https://open.spotify.com/track/7pdF27mSDuPWhppnHAmWHa,Skins,2018-12-07,231,349
So Am I,3.0504333333333333,https://open.spotify.com/track/2Xnv3GntqbBH1juvUYSpHG,Heaven & Hell,2020-09-18,23,350
We Are Never Ever Getting Back Together,3.2191,https://open.spotify.com/track/0VwNdo84DaVYLIkbVO86ND,Red (Big Machine Radio Release Special),2012-10-22,205,351
Bad Blood,3.532216666666667,https://open.spotify.com/track/0TvQLMecTE8utzoNmvXRbK,1989,2014-01-01,205,352
All My Friends (Feat. Tinashe & Chance The Rapper),3.8291,https://open.spotify.com/track/6TaqooOXAEcijL6G1AWS2K,All My Friends (Feat. Tinashe & Chance The Rapper),2015-10-21,197,353
Don’T Matter To Me (With Michael Jackson),4.096433333333334,https://open.spotify.com/track/6G8kHiVZ1jW7vHMPVRNZU0,Scorpion,2018-06-29,73,354
Love Me,3.192883333333333,https://open.spotify.com/track/0yIywEquxORnu1dR0WYsdN,My World,2009-01-01,113,355
E.T.,3.43955,https://open.spotify.com/track/4z8ssgZfs5TzKiO8HaGWXO,Teenage Dream: The Complete Confection,2012-03-12,121,356
Let Me Love You (Until You Learn To Love Yourself),4.193766666666667,https://open.spotify.com/track/4kte3OcW800TPvOVgrLLj8,R.E.D. (Deluxe Edition),2012-01-01,163,357
Summer Love,4.216216666666667,https://open.spotify.com/track/1MBM7CyZbwJpVbbZJnHHRg,Futuresex/Lovesounds,2006-09-12,114,358
Solo (Feat. Demi Lovato),3.711766666666666,https://open.spotify.com/track/3NuK5xMlSlB6K2Qp16zf3h,What Is Love? (Deluxe Edition),2018-11-30,57,359
All We Know,3.2346666666666666,https://open.spotify.com/track/2rizacJSyD9S1IQUxUxnsK,All We Know,2016-09-29,208,360
When You'Re Gone,4.008216666666667,https://open.spotify.com/track/54JKnDB3CzVu8wNAOM27BI,The Best Damn Thing (Expanded Edition),2007-04-17,25,361
See You Again,3.1742166666666667,https://open.spotify.com/track/3AjyOYxBv8bByfBtG5o9dP,Meet Miley Cyrus,2007-06-26,159,362
I'M A Mess,3.25865,https://open.spotify.com/track/04ZTP5KsCypmtCmQg5tH9R,Expectations,2018-06-22,30,363
Black Out Days - Future Islands Remix,4.1391,https://open.spotify.com/track/3kxkjirben9RVm9NqYa6rm,Black Out Days (Future Islands Remix),2017-09-01,174,364
Hate Me (With Juice Wrld),3.1037166666666667,https://open.spotify.com/track/6kls8cSlUyHW2BUOkDJIZE,Hate Me (With Juice Wrld),2019-06-26,78,365
Ain'T Your Mama,3.6372333333333335,https://open.spotify.com/track/2hgzdQdnfWwtdpZbhZlV72,Ain'T Your Mama,2016-04-07,107,366
Rolex,3.9764333333333335,https://open.spotify.com/track/0pSBuHjILhNEo55xK1zrRt,Rolex,2017-03-15,26,367
Beautiful,3.976,https://open.spotify.com/track/3TCauNPqFiniaYHBvEVoHG,Stripped,2002-07-19,53,368
"Just Like Fire (From The Original Motion Picture ""Alice Through The Looking Glass"")",3.5902166666666666,https://open.spotify.com/track/7K5dzhGda2vRTaAWYI3hrb,"Just Like Fire (From The Original Motion Picture ""Alice Through The Looking Glass"")",2016-04-15,171,369
Cinderella'S Dead,2.0111,https://open.spotify.com/track/5MWXOo8DJwgODtPGaietNz,Cinderella'S Dead,2022-04-01,79,370
Love The Way You Lie (Part Ii) - Pt. 2,4.9371,https://open.spotify.com/track/6M6lsQB4OhqL41eld29PeC,Loud,2010-11-16,180,371
Void,3.394433333333333,https://open.spotify.com/track/2wXioTynVwrEWYRv6R6vEj,Hard To Imagine The Neighbourhood Ever Changing,2018-11-02,212,372
Nothing Burns Like The Cold,3.4985166666666667,https://open.spotify.com/track/6G0KITyDe4EQREYyuVQmOn,Feels,2017-10-20,198,373
Purity (Feat. Frank Ocean),4.3726666666666665,https://open.spotify.com/track/2MF4HtZHBoUliOi9nOAbS0,Testing,2018-05-25,4,374
Sunsetz,3.585833333333333,https://open.spotify.com/track/0SpkyS1Q4MD8GaVcP5YjT4,Cigarettes After Sex,2017-06-09,55,375
Hometown,3.915766666666667,https://open.spotify.com/track/40sRwFjfrRnaTdYPJIg4CP,Blurryface,2015-05-15,226,376
Galvanize,6.56355,https://open.spotify.com/track/4bz7uB4edifWKJXSDxwHcs,Push The Button,2005-01-01,209,377
In Da Getto,2.177766666666667,https://open.spotify.com/track/1q0PYXTbDsirp2l74ng6pn,Jose,2021-09-10,103,378
Intentions,3.5478,https://open.spotify.com/track/364dI1bYnvamSnBJ8JcNzN,Intentions,2020-02-07,113,379
Here'S To Never Growing Up,3.572,https://open.spotify.com/track/0qwcGscxUHGZTgq0zcaqk1,Avril Lavigne (Expanded Edition),2013-11-01,25,380
Gasoline,3.536083333333333,https://open.spotify.com/track/3KyKxJ4P3pVCgaZwaq2rUC,Dawn Fm,2022-01-06,217,381
Call You Mine,3.6273333333333335,https://open.spotify.com/track/2oejEp50ZzPuQTQ6v54Evp,World War Joy,2019-12-06,208,382
True Love (Feat. Lily Allen),3.84555,https://open.spotify.com/track/1QNqrsNQ1JVLEwncov3lEY,The Truth About Love,2012-09-18,171,383
Crazy In Love - Remix,3.773333333333333,https://open.spotify.com/track/2f4IuijXLxYOeBncS60GUD,Crazy In Love (Remix),2015-09-04,34,384
Lover (Remix) [Feat. Shawn Mendes],3.688433333333333,https://open.spotify.com/track/3i9UVldZOE0aD0JnyfAZZ0,Lover (Remix) [Feat. Shawn Mendes],2019-11-13,205,385
Queen Of Mean,3.156616666666667,https://open.spotify.com/track/4o05DiC0RQ9DNtGJGauwna,Descendants 3 (Original Tv Movie Soundtrack),2019-08-02,186,386
Achilles Come Down,7.0357666666666665,https://open.spotify.com/track/22TntnVO3lQNDR5nsvxGRs,Go Farther In Lightness,2017-08-18,91,387
The Greatest (Feat. Kendrick Lamar),3.5037666666666665,https://open.spotify.com/track/7xHWNBFm6ObGEQPaUxHuKO,This Is Acting (Deluxe Version),2016-10-21,195,388
Best Friend (Feat. Doja Cat),2.59805,https://open.spotify.com/track/2etHQJxIbV0soyPhelVs9Y,Best Friend (Feat. Doja Cat),2021-01-07,187,389
Stay High - Habits Remix,4.306433333333334,https://open.spotify.com/track/5JCi3pyggvk4B0yd0BK3ow,Queen Of The Clouds,2014-09-24,222,390
Jalebi Baby (Tesher X Jason Derulo),2.819233333333333,https://open.spotify.com/track/6FvSS3Goz7OC8oCC2eWqe8,Jalebi Baby (Tesher X Jason Derulo),2021-05-28,207,391
Say My Name,3.3157666666666668,https://open.spotify.com/track/0YammaEkYSeo9vQYZ1OwS6,7,2018-09-14,64,392
Don'T Go Yet,2.7473666666666667,https://open.spotify.com/track/1058fW9H3fZA6QjYCdOBad,Don'T Go Yet,2021-07-23,44,393
22,3.8686666666666665,https://open.spotify.com/track/6ce41JVa6KFaryfmC2bu2W,Red (Big Machine Radio Release Special),2012-10-22,205,394
Tequila Shots,3.22155,https://open.spotify.com/track/30KctD1WsHKTIYczXjip5a,Man On The Moon Iii: The Chosen,2020-12-11,125,395
Ciao Adios,3.32955,https://open.spotify.com/track/01BC4Xj5tfsfV8DLDrma7q,Speak Your Mind (Deluxe),2018-04-27,14,396
Wavin' Flag - Coca-Cola® Celebration Mix,3.542,https://open.spotify.com/track/4nOygULhEuDO5ZBRNPFaso,Troubadour (Champion Edition - Asian Version),2009,116,397
A Thousand Years (Feat. Steve Kazee) - Pt. 2; The Twilight Saga: Breaking Dawn Soundtrack,5.098216666666667,https://open.spotify.com/track/7hn8Q8WAxFdL4aZ159GI7C,The Twilight Saga: Breaking Dawn - Part 2 (Original Motion Picture Soundtrack),2012-11-09,54,398
Not Your Barbie Girl,3.1086666666666667,https://open.spotify.com/track/4fkM7M4Uo5AUASnnsRC7EZ,Not Your Barbie Girl,2018-08-13,23,399
Carol Of The Bells,2.7682166666666665,https://open.spotify.com/track/0byPyCPX9mfGMiAGVZxasq,Warmer In The Winter (Deluxe Edition),2018-10-19,137,400
Compass,2.799333333333333,https://open.spotify.com/track/0YNtAadZvKBBEFARtfoCV8,Hard To Imagine The Neighbourhood Ever Changing,2018-11-02,212,401
If I Can'T Have You,3.18,https://open.spotify.com/track/6LsAAHotRLMOHfCsSfYCsz,If I Can'T Have You,2019-05-03,193,402
One Love,3.4531,https://open.spotify.com/track/2W5acFzXf5FrktecuD30Or,One Love,2002,38,403
Goo Goo Muck,3.100633333333333,https://open.spotify.com/track/3EEd6ldsPat620GVYMEhOP,Psychedelic Jungle,1981-01-01,210,404
Doctor Jones,3.3906666666666667,https://open.spotify.com/track/6EBDmMZBQkWrj7jWlGhFU1,Aquarium (Special Edition),1997-01-01,16,405
Dandelions - Slowed + Reverb,4.4786166666666665,https://open.spotify.com/track/6fhG2KJgwO7CrNflRaRmvp,Dandelions (Slowed + Reverb),2021-08-27,182,406
Everytime We Touch - Radio Edit,3.3186666666666667,https://open.spotify.com/track/74PyndGWYtfs86n60lAsYW,Original Me,2011-01-01,47,407
What If I Told You That I Love You,3.227783333333333,https://open.spotify.com/track/6USdi8uX5GNAPYziFhisHb,The Idea Of Her,2021-03-26,12,408
"What Is Love - 7"" Mix",4.506216666666667,https://open.spotify.com/track/7JkZ2hQdDonRURJjlMuh8q,What Is Love,1992-01-18,97,409
Memories (Feat. Kid Cudi),3.5142166666666665,https://open.spotify.com/track/5xYC48nOppVemY6U5GRGTb,One More Love,2010-11-22,64,410
Waves - Tame Impala Remix,4.222433333333333,https://open.spotify.com/track/3lB0GMiI5KxDbTOG8V3bOx,Rogue Waves,2016-02-26,158,411
Burn,3.853516666666666,https://open.spotify.com/track/2GgxS8bUT5G25QJTsfSv0R,Halcyon Days,2014-01-01,78,412
Purpose,3.502666666666667,https://open.spotify.com/track/2IjyFRCRn8x1bEquOM3vxg,Purpose (Deluxe),2015-11-13,113,413
Teenage Dream,3.796,https://open.spotify.com/track/55qBw1900pZKfXJ6Q9A2Lc,Teenage Dream: The Complete Confection,2012-03-12,121,414
Stone Cold,3.18845,https://open.spotify.com/track/3by8IfnW9dZ2t4pZw1WVxz,Confident,2015-01-01,67,415
Coffee,4.7762166666666666,https://open.spotify.com/track/6vMpPxLV0F5Diwcs6awI1Z,Wildheart (Deluxe Version),2015-06-26,158,416
In And Out Of Love,3.028,https://open.spotify.com/track/57nKL06bKwjaM5Y0aMtY9v,Armin Anthems Top 100 (Ultimate Singles Collected),2014-11-28,21,417
Peter Pan Was Right,3.208283333333333,https://open.spotify.com/track/2At18rPHOuTEjGEppwGV0A,Peter Pan Was Right,2022-04-29,15,418
Would I Lie To You - Radio Edit,3.2941166666666666,https://open.spotify.com/track/4PdJSsESm34djLfBde9Pr2,Would I Lie To You,2016-09-30,64,419
Follow Your Arrow,3.3273333333333333,https://open.spotify.com/track/4CLPNURPcKztF9RRdcWLGP,Same Trailer Different Park,2013-01-01,117,420
Back To December,4.884,https://open.spotify.com/track/5l6GqSxplqnZbLg0LTPQeG,Speak Now,2010-10-25,205,421
Keep Holding On,3.998433333333333,https://open.spotify.com/track/4UPcXTh26ilb7owtuyHqNI,The Best Damn Thing (Expanded Edition),2007-04-17,25,422
2Step,2.560433333333333,https://open.spotify.com/track/2SUxn2O9NHL6GHGQFgwCY0,=,2021-10-25,76,423
Alarm,3.42655,https://open.spotify.com/track/572xshmOviSGH70oPYMCZV,Speak Your Mind (Deluxe),2018-04-27,14,424
Face Off,3.663366666666666,https://open.spotify.com/track/6M47gaKejso9772SKTa3yH,Asin9Ne,2021-10-08,206,425
Liar,3.450633333333333,https://open.spotify.com/track/073ILU1C3APNRGF66VhtyA,Romance,2019-12-06,44,426
Rockabye (Feat. Sean Paul & Anne-Marie),4.174266666666667,https://open.spotify.com/track/3fvY2U1AzW0diYF0hnBbKt,Speak Your Mind (Deluxe),2018-04-27,57,427
Privilege,2.842883333333333,https://open.spotify.com/track/0Nwar8rweBUyfyuoyjjUvk,"My Dear Melancholy,",2018-03-30,217,428
Title,2.9122166666666667,https://open.spotify.com/track/0k5hoseEJnCAbpRh38dNoI,Title (Deluxe),2015-01-12,156,429
Hot,3.382883333333333,https://open.spotify.com/track/6z7fZRrQfOH3ZjWEkC4QhC,The Best Damn Thing (Expanded Edition),2007-04-17,25,430
Spoil My Night (Feat. Swae Lee),3.2426666666666666,https://open.spotify.com/track/5VuxWXbt7XENQCtE9TzpTv,Beerbongs & Bentleys,2018-04-27,176,431
New Man,3.1546666666666665,https://open.spotify.com/track/5HDPtsnyb3maFmPL8LLUTG,÷ (Deluxe),2017-03-03,76,432
New Gold (Feat. Tame Impala And Bootie Brown),3.5858166666666667,https://open.spotify.com/track/64dLd6rVqDLtkXFYrEUHIU,New Gold (Feat. Tame Impala And Bootie Brown),2022-08-31,94,433
Look At Her Now,2.7099166666666665,https://open.spotify.com/track/7eOkHIcaoUhngxxypM5Ajr,Rare,2020-01-10,190,434
Like My Father,3.052216666666667,https://open.spotify.com/track/5YVmHTAsdWnoanWXB7AwZX,Like My Father,2021-06-03,105,435
Don’T Break My Heart,3.4244833333333333,https://open.spotify.com/track/6a4GH1gljLL7VvmO9u5O92,Dawn Fm,2022-01-06,217,436
Black Magic Woman,3.2644333333333333,https://open.spotify.com/track/4nmne9J3YCEdhvjTzwiAgu,Ultimate Santana,2007-09-25,185,437
Close To Me (With Diplo) (Feat. Swae Lee),3.043716666666666,https://open.spotify.com/track/5JEx7HbmvHQQswJCsoo9rA,Close To Me (Feat. Swae Lee),2018-10-24,78,438
"How Far I'Ll Go - From ""Moana""",2.925283333333333,https://open.spotify.com/track/5EbX5xL3O2xT8FxCpYzgUO,"How Far I'Ll Go (From ""Moana"")",2016-10-28,11,439
One Dance,2.89955,https://open.spotify.com/track/5ZKG94fnjiuMH5yrC5S9lS,Views,2016-05-06,73,440
New Rules,3.4886666666666666,https://open.spotify.com/track/2xJCMIJfcNYDc5iR0sAm2O,Dua Lipa (Complete Edition),2015,74,441
Lollipop (Candyman),3.610433333333333,https://open.spotify.com/track/7hIKkllltXJFgGfUZbVazE,Aquarium (Special Edition),1997-01-01,16,442
Step On Up,3.0142166666666665,https://open.spotify.com/track/3K1y89UHuAEZbpiSPbtAae,Dangerous Woman,2016-05-20,20,443
Just My Type,3.522666666666667,https://open.spotify.com/track/29VLdEqFvd0l4JFscCnrp7,Night & Day (Day Edition),2018-07-13,216,444
Knees,3.443,https://open.spotify.com/track/7IOxauZfx5l18mYfX0GZm6,Expectations,2018-06-22,30,445
@ My Worst,3.1894,https://open.spotify.com/track/0mHGftgYtmpH4y17T3VZ2E,@ My Worst,2021-08-06,36,446
Dangerously In Love,4.88555,https://open.spotify.com/track/0KFuXEdOp5QfIfxHR6TJSm,Dangerously In Love,2003-06-24,34,447
Roses Are Red - Original Version,3.76555,https://open.spotify.com/track/0tIqERCyX2ogv5Yn00kswb,Aquarium (Special Edition),1997-01-01,16,448
Titanium (Feat. Sia),4.084,https://open.spotify.com/track/2i1AVZAYLhrQTvzr1hu7Jt,Nothing But The Beat 2.0,2012-09-10,64,449
Jiggle Jiggle (With Duke & Jones),1.6201333333333334,https://open.spotify.com/track/1I4lCSP69P74nU3a6Su5L2,Jiggle Jiggle (With Duke & Jones),2022-05-13,140,450
Idfc - Tarro Remix,4.143883333333333,https://open.spotify.com/track/1wsZ0cp5He4Wm4yohNjwIs,Idfc (Tarro Remix),2016-10-17,36,451
I Like Him,2.20755,https://open.spotify.com/track/68UU9oaQtMDnh6PRlW842H,Everything Sucks,2020-02-26,177,452
The Heart Wants What It Wants,3.789333333333333,https://open.spotify.com/track/2dRvMEW4EwySxRUtEamSfG,For You,2014-11-21,190,453
None Of My Business,3.066733333333333,https://open.spotify.com/track/2SPEg45ZaUFJCg9GwNmRvw,None Of My Business,2018-10-19,51,454
Innocence,3.87,https://open.spotify.com/track/5OuP08bgU2H7ZeDQQFQ6q8,The Best Damn Thing (Expanded Edition),2007-04-17,25,455
"My Heart Will Go On - Love Theme From ""Titanic""",5.178433333333333,https://open.spotify.com/track/7F1yVPuJ4xRdrDvf8OL0HF,Titanic: Original Motion Picture Soundtrack - Collector'S Anniversary Edition,1997,61,456
Last Hurrah,2.50555,https://open.spotify.com/track/0i0wnv9UoFdZ5MfuFGQzMy,Last Hurrah,2019-02-15,30,457
Just A Dream,4.393283333333334,https://open.spotify.com/track/0QfmQhr5npxuWQ4zzUDUhB,Just A Dream,2017-11-14,127,458
Darkside,2.8,https://open.spotify.com/track/3GaeH4EFwtkY2IJfs85u8u,Darkside,2021-01-29,164,459
Ur So F**King Cool,2.8791,https://open.spotify.com/track/6KiEsqGg0HBOSMflVH7Onx,Ur So F**King Cool,2020-05-29,220,460
Waves Of Blue,3.4791,https://open.spotify.com/track/4lKe0viSvv8ckoTPvHBih1,Wildest Dreams,2021-10-22,148,461
Dirty Little Secret,3.5806666666666667,https://open.spotify.com/track/1YLzM2u0jpPxKTcrovSSZP,Dirty Little Secret,2024-09-20,165,462
Late Night Feelings (Feat. Lykke Li),4.1838,https://open.spotify.com/track/7aQeWViSfRWSEwtJD86Eq0,Late Night Feelings (Feat. Lykke Li),2019-04-12,151,463
That'S My Name,4.228,https://open.spotify.com/track/2pXTXff6B8CehBAVp4yGUZ,Supervara 2009,2009-04-30,7,464
Her,5.012133333333334,https://open.spotify.com/track/4Wfe2jloKo95eFVnJEr5N1,A Place Like This,2014-07-17,148,465
Gasolina,3.21,https://open.spotify.com/track/228BxWXUYQPJrJYHDLOHkj,Barrio Fino (Bonus Track Version),2004-07-13,62,466
The Best Damn Thing,3.1533333333333333,https://open.spotify.com/track/7lmX3dD2Xy13Jo1oCTR4ot,The Best Damn Thing (Expanded Edition),2007-04-17,25,467
Shy,3.127333333333333,https://open.spotify.com/track/3nivloq0Lqd2CYWHTgAlwU,Shy - Ep,2015-01-16,104,468
Warrior,3.852883333333333,https://open.spotify.com/track/7nCBOm2WiTUPAx3TeG2rZA,Demi,2013-01-01,67,469
Warriors,2.8351,https://open.spotify.com/track/6Q2JimwoGgG5W9HdmH1hmq,Smoke + Mirrors (Deluxe),2015-10-23,102,470
Bad Girlfriend,3.436433333333333,https://open.spotify.com/track/11z8f8BH1WdIlFI9TNQ9mc,Speak Your Mind (Deluxe),2018-04-27,14,471
Teardrops On My Guitar - Pop Version,2.984433333333333,https://open.spotify.com/track/1hxLyjC9D9Jpw6EAPKqWv4,Taylor Swift (Deluxe Edition),2006-10-24,205,472
Remember When,4.51,https://open.spotify.com/track/46wsj9yMktwifcIhXhqj1b,Greatest Hits Volume Ii,2003-10-09,9,473
Love Will Remember,3.506,https://open.spotify.com/track/0OkJtCF6yQIdK11ge58uXD,Stars Dance (Bonus Track Version),2013-01-01,190,474
Woman Like Me (Feat. Nicki Minaj),3.803433333333333,https://open.spotify.com/track/6rrTr2HEAzlpC4KWZxF3S1,Woman Like Me (Feat. Nicki Minaj),2018-10-12,138,475
Friends,3.377,https://open.spotify.com/track/6IQCmIGaOxzjNNcwScETVD,Speak Your Mind (Deluxe),2018-04-27,153,476
Who I Am,3.5957666666666666,https://open.spotify.com/track/4zIJHigfguvdm3O8c9KPeo,Atlas,2017-10-13,213,477
Him & I,4.4811,https://open.spotify.com/track/69MpAbCg0X0HVUoGcprfq7,The Beautiful & Damned,2017-12-15,89,478
D.D.,4.59155,https://open.spotify.com/track/7eZ7ODAt9cALYnWLO8F6Fd,Trilogy,2012-11-13,217,479
"Million To One - From The Amazon Original Movie ""Cinderella""",3.394333333333333,https://open.spotify.com/track/3lzYrD0WcgGFiAFKkB2shE,"Million To One (From The Amazon Original Movie ""Cinderella"")",2021-07-21,44,480
My Dilemma,3.1642166666666665,https://open.spotify.com/track/5g3TKEDNVOviIisycRgo4H,When The Sun Goes Down,2011-01-01,191,481
She,2.8833166666666665,https://open.spotify.com/track/1z1ztKUrDr09ZSMDnN3QIG,Rare (Deluxe),2020-04-09,190,482
I Will Be,3.994883333333333,https://open.spotify.com/track/1ERza8JzFin9c3Keo8XQEX,The Best Damn Thing (Expanded Edition),2007-04-17,25,483
Faded,2.43615,https://open.spotify.com/track/0BwuOCWqQM0P9SJWuzZlMv,Faded,2020-11-24,18,484
Girlfriend (Feat. Lil Mama) - Dr. Luke Mix,3.414433333333333,https://open.spotify.com/track/1wwt0TvrGY3lnvTAVIx8mO,The Best Damn Thing (Expanded Edition),2007-04-17,25,485
Lot To Learn,4.139766666666667,https://open.spotify.com/track/2HzfRSfCogBSsgW2CckVA2,Tmrwfrvr,2017-07-28,143,486
Youngblood,3.1386166666666666,https://open.spotify.com/track/0RZfpx16X30FrmkNavzZM6,Youngblood,2021-03-04,18,487
Mirror,3.652433333333333,https://open.spotify.com/track/5KRyIAm7l9tHnqtA6KbLsp,Emotional Education,2019-07-19,100,488
The Story Of Us,4.428,https://open.spotify.com/track/3lXekiVK1ZPZbKconsys73,Speak Now,2010-10-25,205,489
I Can Do Better,3.2551,https://open.spotify.com/track/5kyqKoOnHwvxk0bZLeK1kr,The Best Damn Thing (Expanded Edition),2007-04-17,25,490
Runaway,3.798883333333333,https://open.spotify.com/track/3lxrdos6O9eZit1KMfz9A1,The Best Damn Thing (Expanded Edition),2007-04-17,25,491
Down,2.3916666666666666,https://open.spotify.com/track/5R5MHlaeRb8g2RSRCQdRmR,Down,2020-07-02,18,492
Daydreaming,3.116116666666666,https://open.spotify.com/track/6qqq5zPYV7U4UsKnGC82tw,Daydreaming,2023-05-18,167,493
Kiss Me More (Feat. Sza),3.4811,https://open.spotify.com/track/748mdHapucXQri7IAO8yFK,Kiss Me More (Feat. Sza),2021-04-09,70,494
Snowman - Slowed Down,3.004583333333333,https://open.spotify.com/track/6Ob0vkoBVpja3yLQkjCdpK,Snowman (Slowed Down & Snowed In Remix),2021-10-29,195,495
Repeat After Me (Interlude),3.263583333333333,https://open.spotify.com/track/5dMVtDN1RDNTOL92oDncwd,After Hours (Deluxe),2020-03-20,217,496
Never Be The Same,3.8813333333333335,https://open.spotify.com/track/71RVcxj9HH4r6bkxG7spaQ,Beautiful,2013-10-04,108,497
Everything Back But You,3.0351,https://open.spotify.com/track/6a1X8nNiPyVQYyzCDW9Ine,The Best Damn Thing (Expanded Edition),2007-04-17,25,498
Summer Rain,3.33555,https://open.spotify.com/track/3sCnC8LTixzL22HZkdcyQT,Wildest Dreams,2021-10-22,148,499
One Of Those Girls,2.9248833333333333,https://open.spotify.com/track/4Ib7GwWqc37GWVermwR4OV,The Best Damn Thing (Expanded Edition),2007-04-17,25,500
Contagious,2.151083333333333,https://open.spotify.com/track/0xMbfVm5z0Q1VdnYvox460,The Best Damn Thing (Expanded Edition),2007-04-17,25,501
Who I Am,2.54155,https://open.spotify.com/track/1o8kO8YyMWRAeb9bE2AIxO,Therapy,2021-07-23,14,502
Sober - Jarreau Vandal Remix,3.6724666666666654,https://open.spotify.com/track/49ObNH7FeBkTehJVPGF1P1,Sober (Jarreau Vandal Remix),2017-08-11,147,503
I Don'T Have To Try,3.2877666666666667,https://open.spotify.com/track/21zXru0J6n2em6MC61dVYE,The Best Damn Thing (Expanded Edition),2007-04-17,25,504
Alone,3.228666666666667,https://open.spotify.com/track/7CUPfpfuPwjicclWi4qKH4,The Best Damn Thing (Expanded Edition),2007-04-17,25,505
Here With Me,2.605766666666667,https://open.spotify.com/track/5icOoE6VgqFKohjWWNp0Ac,Here With Me,2019-03-08,153,506
K.,5.326,https://open.spotify.com/track/3Mlhgm39yBpuCwyZB8d8Md,K.,2016-11-15,55,507
Waves,3.374883333333333,https://open.spotify.com/track/7LP6AUTf4KD055DVxfBXOu,Wildheart (Deluxe Version),2015-06-26,158,508
Without Me,3.361,https://open.spotify.com/track/5p7ujcrUXASCNwRaWNHR1C,Without Me,2018-10-04,98,509
Bangalore,3.5586166666666665,https://open.spotify.com/track/3FP428OcKBqMak48tuTEqP,Bangalore,2025-03-28,49,510
Hey Ma (With J Balvin & Pitbull Feat. Camila Cabello),3.2506666666666666,https://open.spotify.com/track/3BAWg71hTuj8Rq9CShHUNc,Fast & Furious 8: The Album,2017-04-14,103,511
Radioactive,3.135333333333333,https://open.spotify.com/track/0Yo8GhK9HEaeIZetPARrW9,Hear Me Ep,2012-01-01,102,512
Goodbye,3.1666666666666665,https://open.spotify.com/track/2iInrRRBr6IjvfGKF1OVy2,Goodbye,2024-12-20,37,513
I Can Do Better - Acoustic Version,3.652433333333333,https://open.spotify.com/track/1K2LIONKyqMuYU6aPNEhR1,The Best Damn Thing (Expanded Edition),2007-04-17,25,514
You Can'T Stop The Girl - Film Mix,2.6622166666666667,https://open.spotify.com/track/49b0RGtDQbjMEZefEV9DlJ,Maleficent: Mistress Of Evil (Original Motion Picture Soundtrack),2019-10-18,30,515
Get You To The Moon,2.4065,https://open.spotify.com/track/02QONrOMSLsmffpJIFbxsv,Get You To The Moon,2024-06-21,227,516
Girlfriend - The Submarines' Time Warp '66 Mix - English,3.18,https://open.spotify.com/track/4TOX8K8H3tJaKU6mXqiPN0,The Best Damn Thing (Expanded Edition),2007-04-17,25,517
Hourglass,2.901533333333333,https://open.spotify.com/track/7udNt8rbaYcuYKaAtkA8qn,Hourglass,2021-09-02,27,518
F**Kin' Perfect,3.5597666666666665,https://open.spotify.com/track/4DZpaWfkmvRsBbPqL7D9rp,Greatest Hits...So Far!!!,2010-11-12,171,519
Flowers,3.3409,https://open.spotify.com/track/0yLdNVWF3Srea0uzk55zFn,Flowers,2023-01-13,159,520
Happier,3.571483333333333,https://open.spotify.com/track/2dpaYNEQHiRxtZbfNsse99,Happier,2018-08-17,153,521
Stay (With Justin Bieber),2.3634166666666667,https://open.spotify.com/track/5PjdY0CKGZdEuoNab3yDmX,F*Ck Love 3: Over You,2021-07-23,211,522
Stitches,3.448,https://open.spotify.com/track/3zkWCteF82vJwv0hRLba76,Handwritten,2015-04-14,193,523
You Broke Me First,2.821083333333333,https://open.spotify.com/track/45bE4HXI0AwGZXfZtMp8JR,You Broke Me First,2020-04-17,204,524
Running Up That Hill (A Deal With God),4.982216666666667,https://open.spotify.com/track/75FEaRjZTKLhTrFGsfMUXR,Hounds Of Love,1985,120,525
Waka Waka (This Time For Africa) [The Official 2010 Fifa World Cup (Tm) Song] (Feat. Freshlyground),3.3771,https://open.spotify.com/track/2Cd9iWfcOpGDHLz6tVA3G4,Waka Waka (This Time For Africa) [The Official 2010 Fifa World Cup (Tm) Song] (Feat. Freshlyground),2010-05-07,192,526
Numb,2.17795,https://open.spotify.com/track/2OfQvGrr83FGpdLA1nAR01,Numb,2020-08-25,18,527
Without You,2.6897333333333333,https://open.spotify.com/track/27OeeYzk6klgBh83TSvGMA,F*Ck Love (Savage),2020-11-06,211,528
Leave The Door Open,4.034933333333333,https://open.spotify.com/track/7MAibcTli4IisCtbHKrGMh,Leave The Door Open,2021-03-05,41,529
Smack That,3.539333333333333,https://open.spotify.com/track/3qKGvSu1inEZKwYQnMavNA,Konvicted,2006,8,530
At My Worst,2.839066666666666,https://open.spotify.com/track/2MJz8BxxMsERULatmBikDH,Pink Planet,2021-02-12,175,531
I Like Me Better,3.2906,https://open.spotify.com/track/2P91MQbaiQOfbiz9VqhqKQ,I Met You When I Was 18. (The Playlist),2018-05-31,130,532
Walls Could Talk,1.6964833333333331,https://open.spotify.com/track/5ln5yQdUywVbf8HhFsOcd6,Hopeless Fountain Kingdom (Deluxe),2017-06-02,98,533
Knock Knock,3.3801,https://open.spotify.com/track/3uYm4MtU6jUQft2DtGqEoZ,Knock Knock - Single,2010,144,534
Falling,2.65635,https://open.spotify.com/track/2rRJrJEo19S2J82BDsQ3F7,Nicotine,2020-03-26,225,535
Recognize (Feat. Drake),5.186616666666667,https://open.spotify.com/track/5wUUWVRvrciJqFitZF8R0P,Partynextdoor Two,2014-07-29,172,536
Don'T Wanna Know,3.574666666666667,https://open.spotify.com/track/5MFzQMkrl1FOOng9tq6R9r,Don'T Wanna Know,2016-10-11,152,537
24/7,3.0746333333333333,https://open.spotify.com/track/304uzYXYjPulJpLRJzuesX,Cece,2021-10-08,48,538
Nuts,1.4226666666666667,https://open.spotify.com/track/11k8KTbNeG9iabeNXMuwf0,Live Forever,2022-12-02,134,539
"Sit Still, Look Pretty",3.370433333333333,https://open.spotify.com/track/2DpCdPMg1BADE4HDnxt3Rd,"Sit Still, Look Pretty",2017-01-06,65,540
Every Time We Touch,3.2854,https://open.spotify.com/track/2gOlrge3YTmYPwsCGgU62K,Everytime We Touch [Premium Edition],2006,47,541
Butterflies And Hurricanes,5.028883333333333,https://open.spotify.com/track/0xJLcjd0gaZct43xG1UlXS,Absolution,2004-03-23,162,542
Girl On Fire,3.748666666666667,https://open.spotify.com/track/6qOEjO2IUD7PjtpsXawq0d,Girl On Fire,2012-09-04,13,543
Heat Waves (With Iann Dior),2.921683333333333,https://open.spotify.com/track/3pXVWgkWybiGchdKGYDgdl,Heat Waves (With Iann Dior),2021-03-25,92,544
Drive By,3.2771,https://open.spotify.com/track/1wAXODAAL6hY64ZdhrnjBO,Drive By,2012-01-10,223,545
Dance Again,3.954433333333333,https://open.spotify.com/track/1vqT6w3wtW3UoF2JQOFqws,Dance Again,2012-04-02,107,546
Enemy,2.333333333333333,https://open.spotify.com/track/5o1QZzfsboTlxhoAPR36LA,Enemy,2022-03-04,18,547
Waiting For Love,2.625233333333333,https://open.spotify.com/track/7q4fQcQ6Cg6t7YSjEN985H,Waiting For Love,2024-04-10,155,548
Unstoppable,2.39315,https://open.spotify.com/track/1mpPYC2iqcRW0bR6PQQyK8,Unstoppable,2024-02-14,227,549
Diamonds,2.6041666666666665,https://open.spotify.com/track/3dtJ55Ach87WnkZE6b76Aj,Diamonds,2024-03-20,227,550
Sweet Disposition,3.9388833333333335,https://open.spotify.com/track/6mNDLlxVYjKleyb2Ley6Pl,Conditions,2009-06-19,215,551
Tattoo,2.3812,https://open.spotify.com/track/3PZvmAYQXvBT8vgq1FPTe2,Tattoo,2024-04-03,155,552
Mirrors,8.0691,https://open.spotify.com/track/3V2xoX4Ap0ZX9WN8ckSlD4,The 20/20 Experience - The Complete Experience,2013-09-27,114,553
Lighters,5.06355,https://open.spotify.com/track/4BWBbJ9MKpnt30SFYEomzJ,Hell: The Sequel (Deluxe),2011-01-01,29,554
Ass Back Home (Feat. Neon Hitch),3.70355,https://open.spotify.com/track/5ZAHoP2IiMIFmAl4G2RJML,R&B Anthems,2014-10-31,96,555
Writing'S On The Wall,4.649783333333334,https://open.spotify.com/track/4oWmroatZtMmlgc3havMrv,Writing'S On The Wall,2015-09-25,183,556
I'M Not The Only One,3.9886,https://open.spotify.com/track/1VbhR6D6zUoSTBzvnRonXO,In The Lonely Hour (Deluxe Edition),2014-01-01,183,557
I Want It That Way,3.55,https://open.spotify.com/track/7v0kHF6tXT8ekVrJAbxpph,The New Best Of (All Hits & Remixes) 2016,2016-06-03,28,558
Unconditionally,3.8146333333333335,https://open.spotify.com/track/6OaYLWpreRh9EoLYwrS75P,Prism,2013-01-01,121,559
As Long As You Love Me,3.6851,https://open.spotify.com/track/6bH2owMgMDNW6zygbotS49,Backstreet'S Back,1997-10-09,28,560
Bailando - English Version,4.03885,https://open.spotify.com/track/3Y9xtYyVyF13po6xePV5Cp,Bailando,2014-01-01,82,561
Bang Bang,3.322,https://open.spotify.com/track/3oEekS4xhmFQ88ieCVTZ7H,My Everything (Deluxe),2014-08-22,109,562
K.Y.S.A.,4.3486666666666665,https://open.spotify.com/track/1EDcun64XasdUKubMHt9W2,The Alchemist & Oh No Present Welcome To Los Santos,2015-04-21,174,563
Toxic,2.800333333333333,https://open.spotify.com/track/2kaNmAbqrtOf7Rdr3fnCWl,Faded,2021-09-10,39,564
One Day - Feat. Helena,3.544433333333333,https://open.spotify.com/track/7yZlAJrpOMY13mLjf9Tzv5,Superman,2014-11-04,17,565
Broken Angel,3.2046666666666668,https://open.spotify.com/track/6aTtl40Or1Mgx2pjcP1T9L,Superman,2014-11-04,17,566
Impossible,3.77555,https://open.spotify.com/track/45EDI3rk0f4cAMt9f8b56R,No Gravity,2010-01-01,194,567
Until I Come Home,3.26395,https://open.spotify.com/track/0ZWfWytIwA7UwvB8oCNndU,Until I Come Home,2021-11-19,228,568
Fire In My Head,3.1449,https://open.spotify.com/track/3rNejdjaGjhAeolU3eus1t,Fire In My Head,2021-06-11,228,569
Better Off (Dying),2.580233333333333,https://open.spotify.com/track/1tlrTC3x7viJ1U30oOFGdF,"Come Over When You'Re Sober, Pt. 1",2017-08-15,134,570
Freaks,2.9133333333333336,https://open.spotify.com/track/44r4zta6P9flkhKaVnbsvG,Freaks,2019-02-25,111,571
